market,benchmark_demand_multiplier
WW,0.05385267150732133
US,0.08998118760551264
