market,benchmark_demand_multiplier
US,0.07870164106870219
WW,0.047705329465648885
