market,benchmark_demand_multiplier
WW,0.054262821277372315
US,0.09057261541970815
