market,benchmark_demand_multiplier
WW,0.04765547716279071
US,0.07888047341860452
